Server Type,Storage Type,Response Type,Test Name,Custom,Req/Connections,Connections,Completed,Failed,Total Time (s),Total transferred (bytes),req/sec,msec/req,msec/req concurrent,KB/sec,Connect mean (ms),Connect std (ms),Processing mean (ms),Processing std (ms),Waiting mean (ms),Waiting std (ms),Total mean (ms),Total std (ms),URL
lb-m1.medium (2),cache,PNG,Hillshade,256x256,500,10,500,0,28.578,17784500,17.5,571.564,57.156,607.72,40,9.9,529,288.9,488,286.3,569,290.7,http://lb-medium-2-1419205817.us-east-1.elb.amazonaws.com/hillshade/cache_rast1-small/2/true
lb-m1.medium (2),local,PNG,Hillshade,256x256,500,10,500,0,22.326,17784500,22.4,446.516,44.652,777.92,40,8.8,405,94.9,364,94.7,445,95.6,http://lb-medium-2-1419205817.us-east-1.elb.amazonaws.com/hillshade/local_rast1-small/2/true
lb-m1.medium (2),block,PNG,Hillshade,256x256,500,10,500,0,21.708,17784500,23.03,434.167,43.417,800.05,39,6.4,392,97.9,352,96.7,431,97.9,http://lb-medium-2-1419205817.us-east-1.elb.amazonaws.com/hillshade/block_rast1-small/2/true
lb-m1.medium (2),cache,PNG,Hillshade,256x256,500,10,500,0,21.199,17784500,23.59,423.984,42.398,819.26,40,9,381,85.2,341,83.8,422,85.3,http://lb-medium-2-1419205817.us-east-1.elb.amazonaws.com/hillshade/cache_rast1-small/2/true
lb-m1.medium (2),local,PNG,Hillshade,256x256,500,10,500,0,21.525,17784500,23.23,430.503,43.05,806.85,40,9.2,389,96.3,348,95.7,429,97.4,http://lb-medium-2-1419205817.us-east-1.elb.amazonaws.com/hillshade/local_rast1-small/2/true
lb-m1.medium (2),block,PNG,Hillshade,256x256,500,10,500,0,21.075,17784500,23.72,421.497,42.15,824.1,40,8.9,380,84.1,340,83.2,420,83.2,http://lb-medium-2-1419205817.us-east-1.elb.amazonaws.com/hillshade/block_rast1-small/2/true
lb-m1.medium (2),cache,PNG,Hillshade,256x256,500,10,500,0,20.614,17784500,24.26,412.284,41.228,842.51,41,11.7,369,84.3,329,83.8,410,84.8,http://lb-medium-2-1419205817.us-east-1.elb.amazonaws.com/hillshade/cache_rast1-small/2/true
lb-m1.medium (2),local,PNG,Hillshade,256x256,500,10,500,0,20.803,17784500,24.03,416.069,41.607,834.85,40,7.4,372,77.4,332,76.9,412,78.1,http://lb-medium-2-1419205817.us-east-1.elb.amazonaws.com/hillshade/local_rast1-small/2/true
lb-m1.medium (2),block,PNG,Hillshade,256x256,500,10,500,0,20.513,17784500,24.37,410.266,41.027,846.65,40,7.9,368,85.1,328,84.6,407,85.4,http://lb-medium-2-1419205817.us-east-1.elb.amazonaws.com/hillshade/block_rast1-small/2/true
m1.medium,cache,PNG,Hillshade,256x256,500,10,500,0,52.2,17775000,9.58,1044.009,104.401,332.53,45,16.2,996,605.9,919,595.6,1040,605.5,http://ec2-54-243-15-106.compute-1.amazonaws.com:8000/hillshade/cache_rast1-small/2/true
m1.medium,local,PNG,Hillshade,256x256,500,10,500,0,42.222,17775000,11.84,844.431,84.443,411.13,46,16.9,794,275.3,728,274.4,840,274.9,http://ec2-54-243-15-106.compute-1.amazonaws.com:8000/hillshade/local_rast1-small/2/true
m1.medium,block,PNG,Hillshade,256x256,500,10,500,0,41.899,17775000,11.93,837.976,83.798,414.29,45,16,789,270.7,721,265.9,834,270.2,http://ec2-54-243-15-106.compute-1.amazonaws.com:8000/hillshade/block_rast1-small/2/true
m1.medium,cache,PNG,Hillshade,256x256,500,10,500,0,41.014,17775000,12.19,820.276,82.028,423.23,46,17.3,770,277.9,701,274.3,816,277.8,http://ec2-54-243-15-106.compute-1.amazonaws.com:8000/hillshade/cache_rast1-small/2/true
m1.medium,local,PNG,Hillshade,256x256,500,10,500,0,40.187,17775000,12.44,803.733,80.373,431.94,48,18.3,753,249.5,686,246.6,800,251.5,http://ec2-54-243-15-106.compute-1.amazonaws.com:8000/hillshade/local_rast1-small/2/true
m1.medium,block,PNG,Hillshade,256x256,500,10,500,0,40.194,17775000,12.44,803.88,80.388,431.87,47,20.3,753,257.8,686,252.1,800,257.9,http://ec2-54-243-15-106.compute-1.amazonaws.com:8000/hillshade/block_rast1-small/2/true
m1.medium,cache,PNG,Hillshade,256x256,500,10,500,0,40.009,17775000,12.5,800.176,80.018,433.86,47,18.2,750,256.7,681,251.5,797,257.4,http://ec2-54-243-15-106.compute-1.amazonaws.com:8000/hillshade/cache_rast1-small/2/true
m1.medium,local,PNG,Hillshade,256x256,500,10,500,0,40.183,17775000,12.44,803.664,80.366,431.98,48,18.8,751,263.8,685,259.1,799,263.5,http://ec2-54-243-15-106.compute-1.amazonaws.com:8000/hillshade/local_rast1-small/2/true
m1.medium,block,PNG,Hillshade,256x256,500,10,500,0,40.212,17775000,12.43,804.244,80.424,431.67,50,19.5,751,255.7,686,253.2,801,254.3,http://ec2-54-243-15-106.compute-1.amazonaws.com:8000/hillshade/block_rast1-small/2/true
lb-m1.large (2),cache,PNG,Hillshade,256x256,500,10,500,0,16.786,17784500,29.79,335.729,33.573,1034.63,40,9.6,293,216.5,253,216.1,333,216.7,http://lb-large-2-1750417607.us-east-1.elb.amazonaws.com/hillshade/cache_rast1-small/2/true
lb-m1.large (2),local,PNG,Hillshade,256x256,500,10,500,0,13.595,17784500,36.78,271.891,27.189,1277.54,44,63.5,225,61.4,183,52,269,89.5,http://lb-large-2-1750417607.us-east-1.elb.amazonaws.com/hillshade/local_rast1-small/2/true
lb-m1.large (2),block,PNG,Hillshade,256x256,500,10,500,0,13.119,17784500,38.11,262.379,26.238,1323.86,40,9.2,220,53.1,181,52.8,261,52.8,http://lb-large-2-1750417607.us-east-1.elb.amazonaws.com/hillshade/block_rast1-small/2/true
lb-m1.large (2),cache,PNG,Hillshade,256x256,500,10,500,0,12.694,17784500,39.39,253.884,25.388,1368.16,40,8.5,212,48.5,172,48,252,48.4,http://lb-large-2-1750417607.us-east-1.elb.amazonaws.com/hillshade/cache_rast1-small/2/true
lb-m1.large (2),local,PNG,Hillshade,256x256,500,10,500,0,12.81,17784500,39.03,256.202,25.62,1355.78,39,6.6,214,53.8,175,53.2,253,53.8,http://lb-large-2-1750417607.us-east-1.elb.amazonaws.com/hillshade/local_rast1-small/2/true
lb-m1.large (2),block,PNG,Hillshade,256x256,500,10,500,0,12.596,17784500,39.7,251.916,25.192,1378.85,40,7.2,210,45.6,169,44.9,250,46.3,http://lb-large-2-1750417607.us-east-1.elb.amazonaws.com/hillshade/block_rast1-small/2/true
lb-m1.large (2),cache,PNG,Hillshade,256x256,500,10,500,0,12.656,17784500,39.51,253.122,25.312,1372.28,44,14,208,46.7,165,45.9,251,48.7,http://lb-large-2-1750417607.us-east-1.elb.amazonaws.com/hillshade/cache_rast1-small/2/true
lb-m1.large (2),local,PNG,Hillshade,256x256,500,10,500,0,12.493,17784500,40.02,249.851,24.985,1390.25,40,9.1,207,47.6,167,47.1,247,47.8,http://lb-large-2-1750417607.us-east-1.elb.amazonaws.com/hillshade/local_rast1-small/2/true
lb-m1.large (2),block,PNG,Hillshade,256x256,500,10,500,0,12.6,17784500,39.68,251.993,25.199,1378.43,40,7.3,210,51.1,170,50.8,250,51,http://lb-large-2-1750417607.us-east-1.elb.amazonaws.com/hillshade/block_rast1-small/2/true
lb-m1.medium (4),cache,PNG,Hillshade,256x256,500,10,500,0,12.531,17784500,39.9,250.62,25.062,1385.98,40,9.2,208,95.4,168,94.5,248,95.5,http://lb-medium-4-1950818059.us-east-1.elb.amazonaws.com/hillshade/cache_rast1-small/2/true
lb-m1.medium (4),local,PNG,Hillshade,256x256,500,10,500,0,11.693,17784500,42.76,233.865,23.386,1485.28,40,8.4,192,40.4,151,38.5,232,41.3,http://lb-medium-4-1950818059.us-east-1.elb.amazonaws.com/hillshade/local_rast1-small/2/true
lb-m1.medium (4),block,PNG,Hillshade,256x256,500,10,500,0,12.277,17784500,40.73,245.543,24.554,1414.63,39,7.9,204,36.4,131,34,243,37.3,http://lb-medium-4-1950818059.us-east-1.elb.amazonaws.com/hillshade/block_rast1-small/2/true
lb-m1.medium (4),cache,PNG,Hillshade,256x256,500,10,500,0,12.694,17784500,39.39,253.877,25.388,1368.2,40,11.5,211,36.2,133,33.8,251,38,http://lb-medium-4-1950818059.us-east-1.elb.amazonaws.com/hillshade/cache_rast1-small/2/true
lb-m1.medium (4),local,PNG,Hillshade,256x256,500,10,500,0,12.717,17784500,39.32,254.348,25.435,1365.66,40,10.1,212,37.3,135,34.2,252,38.2,http://lb-medium-4-1950818059.us-east-1.elb.amazonaws.com/hillshade/local_rast1-small/2/true
lb-m1.medium (4),block,PNG,Hillshade,256x256,500,10,500,0,13.023,17784500,38.39,260.451,26.045,1333.66,41,12.9,218,37.4,140,34.9,258,40.2,http://lb-medium-4-1950818059.us-east-1.elb.amazonaws.com/hillshade/block_rast1-small/2/true
lb-m1.medium (4),cache,PNG,Hillshade,256x256,500,10,500,0,12.416,17784500,40.27,248.325,24.833,1398.78,40,8.8,206,30.7,129,29.3,247,32.1,http://lb-medium-4-1950818059.us-east-1.elb.amazonaws.com/hillshade/cache_rast1-small/2/true
lb-m1.medium (4),local,PNG,Hillshade,256x256,500,10,500,0,12.326,17784500,40.57,246.516,24.652,1409.05,39,7.1,206,33.2,130,32.6,245,33.7,http://lb-medium-4-1950818059.us-east-1.elb.amazonaws.com/hillshade/local_rast1-small/2/true
lb-m1.medium (4),block,PNG,Hillshade,256x256,500,10,500,0,12.598,17784500,39.69,251.955,25.195,1378.63,40,9.2,210,32.6,133,29.7,250,33.4,http://lb-medium-4-1950818059.us-east-1.elb.amazonaws.com/hillshade/block_rast1-small/2/true
lb-m1.large (4),cache,PNG,Hillshade,256x256,500,10,500,0,10.532,17784500,47.47,210.643,21.064,1649.02,40,9,169,74.1,129,73.6,209,74.6,http://lb-large-4-262195612.us-east-1.elb.amazonaws.com/hillshade/cache_rast1-small/2/true
lb-m1.large (4),local,PNG,Hillshade,256x256,500,10,500,0,9.975,17784500,50.13,199.501,19.95,1741.11,42,12.9,156,20.2,116,18.8,198,24.7,http://lb-large-4-262195612.us-east-1.elb.amazonaws.com/hillshade/local_rast1-small/2/true
lb-m1.large (4),block,PNG,Hillshade,256x256,500,10,500,0,9.82,17784500,50.92,196.395,19.639,1768.65,41,10.8,154,19.7,114,17.9,195,21.8,http://lb-large-4-262195612.us-east-1.elb.amazonaws.com/hillshade/block_rast1-small/2/true
lb-m1.large (4),cache,PNG,Hillshade,256x256,500,10,500,0,9.997,17784500,50.01,199.941,19.994,1737.28,41,12.6,157,27.8,116,21.9,198,30.2,http://lb-large-4-262195612.us-east-1.elb.amazonaws.com/hillshade/cache_rast1-small/2/true
lb-m1.large (4),local,PNG,Hillshade,256x256,500,10,500,0,9.792,17784500,51.06,195.848,19.585,1773.58,41,11.4,153,23,113,18.7,194,26.3,http://lb-large-4-262195612.us-east-1.elb.amazonaws.com/hillshade/local_rast1-small/2/true
lb-m1.large (4),block,PNG,Hillshade,256x256,500,10,500,0,9.884,17784500,50.59,197.682,19.768,1757.13,41,12.6,155,20.1,115,18.1,196,23.1,http://lb-large-4-262195612.us-east-1.elb.amazonaws.com/hillshade/block_rast1-small/2/true
lb-m1.large (4),cache,PNG,Hillshade,256x256,500,10,500,0,9.647,17784500,51.83,192.945,19.294,1800.27,40,8.2,151,17,112,16,191,18.6,http://lb-large-4-262195612.us-east-1.elb.amazonaws.com/hillshade/cache_rast1-small/2/true
lb-m1.large (4),local,PNG,Hillshade,256x256,500,10,500,0,9.798,17784500,51.03,195.964,19.596,1772.54,41,11.4,154,19.7,114,17.7,194,22.8,http://lb-large-4-262195612.us-east-1.elb.amazonaws.com/hillshade/local_rast1-small/2/true
lb-m1.large (4),block,PNG,Hillshade,256x256,500,10,500,0,9.651,17784500,51.81,193.021,19.302,1799.57,40,9.2,152,17.1,112,15.9,192,19.6,http://lb-large-4-262195612.us-east-1.elb.amazonaws.com/hillshade/block_rast1-small/2/true
lb-m1.medium (2),cache,PNG,Hillshade,256x256,500,10,500,0,20.782,17784500,24.06,415.644,41.564,835.7,43,18.6,370,82.3,305,81.9,413,81.2,http://lb-medium-2-1419205817.us-east-1.elb.amazonaws.com/hillshade/cache_rast1-small/2/true
lb-m1.medium (2),local,PNG,Hillshade,256x256,500,10,500,0,20.8,17784500,24.04,416.004,41.6,834.98,40,9.7,375,82.8,297,81.8,415,83.5,http://lb-medium-2-1419205817.us-east-1.elb.amazonaws.com/hillshade/local_rast1-small/2/true
lb-m1.medium (2),block,PNG,Hillshade,256x256,500,10,500,0,21.346,17784500,23.42,426.916,42.692,813.63,39,6.6,385,80.9,308,79.8,425,80.6,http://lb-medium-2-1419205817.us-east-1.elb.amazonaws.com/hillshade/block_rast1-small/2/true
lb-m1.medium (2),cache,PNG,Hillshade,256x256,500,10,500,0,20.842,17784500,23.99,416.842,41.684,833.3,41,11.6,373,76.2,295,75,413,76.5,http://lb-medium-2-1419205817.us-east-1.elb.amazonaws.com/hillshade/cache_rast1-small/2/true
lb-m1.medium (2),local,PNG,Hillshade,256x256,500,10,500,0,20.94,17784500,23.88,418.79,41.879,829.42,40,7.7,377,82.8,298,79.5,417,82.8,http://lb-medium-2-1419205817.us-east-1.elb.amazonaws.com/hillshade/local_rast1-small/2/true
lb-m1.medium (2),block,PNG,Hillshade,256x256,500,10,500,0,21.137,17784500,23.66,422.732,42.273,821.69,41,12.6,378,81.9,300,81.2,419,81.2,http://lb-medium-2-1419205817.us-east-1.elb.amazonaws.com/hillshade/block_rast1-small/2/true
lb-m1.medium (2),cache,PNG,Hillshade,256x256,500,10,500,0,20.752,17784500,24.09,415.043,41.504,836.91,41,13.7,371,77.8,294,77.3,412,80.1,http://lb-medium-2-1419205817.us-east-1.elb.amazonaws.com/hillshade/cache_rast1-small/2/true
lb-m1.medium (2),local,PNG,Hillshade,256x256,500,10,500,0,20.463,17784500,24.43,409.257,40.926,848.74,40,9.3,366,80.6,289,78.5,406,80.8,http://lb-medium-2-1419205817.us-east-1.elb.amazonaws.com/hillshade/local_rast1-small/2/true
lb-m1.medium (2),block,PNG,Hillshade,256x256,500,10,500,0,21.2,17784500,23.58,424.005,42.401,819.22,40,9.9,380,83.7,302,82.1,421,84.7,http://lb-medium-2-1419205817.us-east-1.elb.amazonaws.com/hillshade/block_rast1-small/2/true
m1.medium,cache,PNG,Hillshade,256x256,500,10,500,0,40.329,17775000,12.4,806.588,80.659,430.42,47,17.8,756,257.2,687,254.8,803,256.3,http://ec2-54-243-15-106.compute-1.amazonaws.com:8000/hillshade/cache_rast1-small/2/true
m1.medium,local,PNG,Hillshade,256x256,500,10,500,0,40.175,17775000,12.45,803.504,80.35,432.07,46,17.5,754,259.5,687,253.5,800,258.4,http://ec2-54-243-15-106.compute-1.amazonaws.com:8000/hillshade/local_rast1-small/2/true
m1.medium,block,PNG,Hillshade,256x256,500,10,500,0,40.763,17775000,12.27,815.263,81.526,425.84,46,16.5,751,246,677,238.8,798,246.3,http://ec2-54-243-15-106.compute-1.amazonaws.com:8000/hillshade/block_rast1-small/2/true
m1.medium,cache,PNG,Hillshade,256x256,500,10,500,0,45.231,17775000,11.05,904.626,90.463,383.77,45,16.1,856,312.9,791,308.9,901,313.1,http://ec2-54-243-15-106.compute-1.amazonaws.com:8000/hillshade/cache_rast1-small/2/true
m1.medium,local,PNG,Hillshade,256x256,500,10,500,0,39.636,17775000,12.61,792.719,79.272,437.95,47,17.9,742,251.9,677,244.8,790,252.1,http://ec2-54-243-15-106.compute-1.amazonaws.com:8000/hillshade/local_rast1-small/2/true
m1.medium,block,PNG,Hillshade,256x256,500,10,500,0,39.587,17775000,12.63,791.736,79.174,438.49,48,18.4,740,261.2,673,251.2,788,261,http://ec2-54-243-15-106.compute-1.amazonaws.com:8000/hillshade/block_rast1-small/2/true
m1.medium,cache,PNG,Hillshade,256x256,500,10,500,0,39.236,17775000,12.74,784.713,78.471,442.41,46,15.7,736,241.6,670,238.8,782,242.1,http://ec2-54-243-15-106.compute-1.amazonaws.com:8000/hillshade/cache_rast1-small/2/true
m1.medium,local,PNG,Hillshade,256x256,500,10,500,0,39.451,17775000,12.67,789.012,78.901,440,47,18.6,738,262.9,669,253.1,785,264.1,http://ec2-54-243-15-106.compute-1.amazonaws.com:8000/hillshade/local_rast1-small/2/true
m1.medium,block,PNG,Hillshade,256x256,500,10,500,0,39.19,17775000,12.76,783.796,78.38,442.93,47,17.3,735,234.6,669,226.7,781,234.6,http://ec2-54-243-15-106.compute-1.amazonaws.com:8000/hillshade/block_rast1-small/2/true
lb-m1.large (2),cache,PNG,Hillshade,256x256,500,10,500,0,12.576,17784500,39.76,251.525,25.153,1380.99,40,8,209,53.4,168,50.3,249,52.8,http://lb-large-2-1750417607.us-east-1.elb.amazonaws.com/hillshade/cache_rast1-small/2/true
lb-m1.large (2),local,PNG,Hillshade,256x256,500,10,500,0,12.401,17784500,40.32,248.024,24.802,1400.48,39,5.5,207,49.6,167,49.4,245,49.5,http://lb-large-2-1750417607.us-east-1.elb.amazonaws.com/hillshade/local_rast1-small/2/true
lb-m1.large (2),block,PNG,Hillshade,256x256,500,10,500,0,12.243,17784500,40.84,244.856,24.486,1418.6,40,7.8,204,47.6,164,46.8,243,47.1,http://lb-large-2-1750417607.us-east-1.elb.amazonaws.com/hillshade/block_rast1-small/2/true
lb-m1.large (2),cache,PNG,Hillshade,256x256,500,10,500,0,12.257,17784500,40.79,245.143,24.514,1416.94,40,6.9,204,47.1,165,46.8,243,46.9,http://lb-large-2-1750417607.us-east-1.elb.amazonaws.com/hillshade/cache_rast1-small/2/true
lb-m1.large (2),local,PNG,Hillshade,256x256,500,10,500,0,12.275,17784500,40.73,245.509,24.551,1414.83,40,7.4,204,47.5,164,46.8,243,47,http://lb-large-2-1750417607.us-east-1.elb.amazonaws.com/hillshade/local_rast1-small/2/true
lb-m1.large (2),block,PNG,Hillshade,256x256,500,10,500,0,12.295,17784500,40.67,245.898,24.59,1412.59,39,6.6,205,47.3,165,46.4,244,47.1,http://lb-large-2-1750417607.us-east-1.elb.amazonaws.com/hillshade/block_rast1-small/2/true
lb-m1.large (2),cache,PNG,Hillshade,256x256,500,10,500,0,12.166,17784500,41.1,243.327,24.333,1427.52,39,6.8,202,44,162,44.1,241,44,http://lb-large-2-1750417607.us-east-1.elb.amazonaws.com/hillshade/cache_rast1-small/2/true
lb-m1.large (2),local,PNG,Hillshade,256x256,500,10,500,0,12.301,17784500,40.65,246.013,24.601,1411.93,39,7,205,46.5,165,46.9,244,45.8,http://lb-large-2-1750417607.us-east-1.elb.amazonaws.com/hillshade/local_rast1-small/2/true
lb-m1.large (2),block,PNG,Hillshade,256x256,500,10,500,0,12.24,17784500,40.85,244.807,24.481,1418.89,40,7.2,204,46.4,164,46.7,243,46.6,http://lb-large-2-1750417607.us-east-1.elb.amazonaws.com/hillshade/block_rast1-small/2/true
lb-m1.medium (4),cache,PNG,Hillshade,256x256,500,10,500,0,12.465,17784500,40.11,249.291,24.929,1393.37,40,9.3,207,36.6,130,34.9,247,37.5,http://lb-medium-4-1950818059.us-east-1.elb.amazonaws.com/hillshade/cache_rast1-small/2/true
lb-m1.medium (4),local,PNG,Hillshade,256x256,500,10,500,0,12.216,17784500,40.93,244.321,24.432,1421.71,39,8.1,203,30.9,127,29.9,242,31.6,http://lb-medium-4-1950818059.us-east-1.elb.amazonaws.com/hillshade/local_rast1-small/2/true
lb-m1.medium (4),block,PNG,Hillshade,256x256,500,10,500,0,12.737,17784500,39.26,254.734,25.473,1363.59,41,14,211,34.2,133,32.1,253,36.6,http://lb-medium-4-1950818059.us-east-1.elb.amazonaws.com/hillshade/block_rast1-small/2/true
lb-m1.medium (4),cache,PNG,Hillshade,256x256,500,10,500,0,12.454,17784500,40.15,249.08,24.908,1394.55,43,64,204,33.8,127,31.3,247,72.7,http://lb-medium-4-1950818059.us-east-1.elb.amazonaws.com/hillshade/cache_rast1-small/2/true
lb-m1.medium (4),local,PNG,Hillshade,256x256,500,10,500,0,12.696,17784500,39.38,253.924,25.392,1367.94,40,11.6,212,32.1,135,31.2,253,33.8,http://lb-medium-4-1950818059.us-east-1.elb.amazonaws.com/hillshade/local_rast1-small/2/true
lb-m1.medium (4),block,PNG,Hillshade,256x256,500,10,500,0,12.607,17784500,39.66,252.143,25.214,1377.6,40,9.6,209,35.5,133,34.5,250,38,http://lb-medium-4-1950818059.us-east-1.elb.amazonaws.com/hillshade/block_rast1-small/2/true
lb-m1.medium (4),cache,PNG,Hillshade,256x256,500,10,500,0,12.13,17784500,41.22,242.607,24.261,1431.75,39,9.2,201,29.5,126,28.7,241,31.2,http://lb-medium-4-1950818059.us-east-1.elb.amazonaws.com/hillshade/cache_rast1-small/2/true
lb-m1.medium (4),local,PNG,Hillshade,256x256,500,10,500,0,12.551,17784500,39.84,251.026,25.103,1383.73,39,8.8,209,33.5,132,31.6,248,34.3,http://lb-medium-4-1950818059.us-east-1.elb.amazonaws.com/hillshade/local_rast1-small/2/true
lb-m1.medium (4),block,PNG,Hillshade,256x256,500,10,500,0,12.539,17784500,39.87,250.788,25.079,1385.05,40,10.8,208,32.7,132,31,249,35.9,http://lb-medium-4-1950818059.us-east-1.elb.amazonaws.com/hillshade/block_rast1-small/2/true
lb-m1.large (4),cache,PNG,Hillshade,256x256,500,10,500,0,9.629,17784500,51.93,192.577,19.258,1803.72,40,6.8,151,15.3,112,14.3,190,17.2,http://lb-large-4-262195612.us-east-1.elb.amazonaws.com/hillshade/cache_rast1-small/2/true
lb-m1.large (4),local,PNG,Hillshade,256x256,500,10,500,0,9.493,17784500,52.67,189.858,18.986,1829.54,39,6.8,149,13.4,110,12.3,188,14.7,http://lb-large-4-262195612.us-east-1.elb.amazonaws.com/hillshade/local_rast1-small/2/true
lb-m1.large (4),block,PNG,Hillshade,256x256,500,10,500,0,9.686,17784500,51.62,193.729,19.373,1792.99,40,7.9,153,19.6,113,17.6,193,20.5,http://lb-large-4-262195612.us-east-1.elb.amazonaws.com/hillshade/block_rast1-small/2/true
lb-m1.large (4),cache,PNG,Hillshade,256x256,500,10,500,0,9.731,17784500,51.38,194.614,19.461,1784.84,41,10.3,153,18.8,112,15.6,193,21.8,http://lb-large-4-262195612.us-east-1.elb.amazonaws.com/hillshade/cache_rast1-small/2/true
lb-m1.large (4),local,PNG,Hillshade,256x256,500,10,500,0,9.705,17784500,51.52,194.095,19.409,1789.61,40,8.9,152,19.6,113,17.9,192,21.1,http://lb-large-4-262195612.us-east-1.elb.amazonaws.com/hillshade/local_rast1-small/2/true
lb-m1.large (4),block,PNG,Hillshade,256x256,500,10,500,0,9.708,17784500,51.5,194.164,19.416,1788.97,40,8.9,153,19.3,114,18.5,193,21.4,http://lb-large-4-262195612.us-east-1.elb.amazonaws.com/hillshade/block_rast1-small/2/true
lb-m1.large (4),cache,PNG,Hillshade,256x256,500,10,500,0,9.805,17784500,50.99,196.098,19.61,1771.33,40,9.6,154,21.8,114,18.3,194,24.3,http://lb-large-4-262195612.us-east-1.elb.amazonaws.com/hillshade/cache_rast1-small/2/true
lb-m1.large (4),local,PNG,Hillshade,256x256,500,10,500,0,9.971,17784500,50.14,199.424,19.942,1741.78,40,11.4,157,37,115,24.6,197,38.3,http://lb-large-4-262195612.us-east-1.elb.amazonaws.com/hillshade/local_rast1-small/2/true
lb-m1.large (4),block,PNG,Hillshade,256x256,500,10,500,0,9.853,17784500,50.75,197.06,19.706,1762.68,41,10.4,155,32,114,23.3,195,34.9,http://lb-large-4-262195612.us-east-1.elb.amazonaws.com/hillshade/block_rast1-small/2/true
